[
  {
    "pack": "oj-c",
    "id": "oj-c.LegendSection",
    "name": "LegendSection",
    "memberof": "oj-c",
    "longname": "oj-c.LegendSection",
    "kind": "class",
    "classdesc": "<h3 id=\"overview\">\n  JET Legend Section\n  <a class=\"bookmarkable-link\" title=\"Bookmarkable Link\" href=\"#overview\"></a>\n</h3>\n\n<p>\n The oj-c-legend-section element is used to declare properties for legend sections and is only valid as the\n child of a template element for the <a target=\"_blank\" href=\"oj-c.Legend.html#sectionTemplate\">sectionTemplate</a>\n slot of oj-c-legend.\n</p>",
    "scope": "static",
    "tagWithoutBrackets": "oj-c-legend-section",
    "tagWithBrackets": "<oj-c-legend-section>",
    "domInterface": "CLegendSectionElement",
    "ojPageTitle": "&lt;oj-c-legend-section>",
    "ojcomponent": true,
    "isvcomponent": true,
    "camelCaseName": "LegendSection",
    "ojPageTitlePrefix": "Element: ",
    "ojtsvcomponent": true,
    "tstype": {
      "target": "Type",
      "value": "interface CLegendSectionElement extends JetElement<LegendSectionElementSettableProperties>"
    },
    "ojsignature": [
      {
        "target": "Type",
        "value": "interface CLegendSectionElement extends JetElement<LegendSectionElementSettableProperties>"
      }
    ],
    "since": "15.0.0",
    "tsdeprecated": [
      {
        "type": "candidate",
        "since": "17.0.0"
      }
    ],
    "meta": {
      "filename": "legend-section.tsx",
      "path": "web/components/oj-c/legend-section"
    },
    "ojmodule": "legend-section",
    "ojslotcomponent": true
  },
  {
    "memberof": "oj-c.LegendSection",
    "id": "oj-c.LegendSection#text",
    "name": "text",
    "kind": "member",
    "longname": "oj-c.LegendSection#text",
    "optional": false,
    "scope": "instance",
    "description": "The title of the legend section.",
    "meta": {
      "filename": "legend-section.tsx",
      "path": "web/components/oj-c/legend-section"
    },
    "defaultvalue": "\"\"",
    "type": {
      "names": [
        "string"
      ]
    }
  },
  {
    "memberof": "oj-c.LegendSection",
    "id": "oj-c.LegendSection#setProperty",
    "name": "setProperty",
    "kind": "function",
    "longname": "oj-c.LegendSection#setProperty",
    "description": "Sets a property or a single subproperty for complex properties and notifies the component of the change, triggering a corresponding event.",
    "meta": {
      "filename": "legend-section.tsx",
      "path": "web/components/oj-c/legend-section"
    },
    "scope": "instance",
    "params": [
      {
        "name": "property",
        "description": "The property name to set. Supports dot notation for subproperty access.",
        "type": "string"
      },
      {
        "name": "value",
        "description": "The new value to set the property to.",
        "type": "any"
      }
    ],
    "returns": [
      {
        "type": {
          "names": [
            "void"
          ]
        }
      }
    ]
  },
  {
    "memberof": "oj-c.LegendSection",
    "id": "oj-c.LegendSection#getProperty",
    "name": "getProperty",
    "kind": "function",
    "longname": "oj-c.LegendSection#getProperty",
    "description": "Retrieves the value of a property or a subproperty.",
    "meta": {
      "filename": "legend-section.tsx",
      "path": "web/components/oj-c/legend-section"
    },
    "scope": "instance",
    "params": [
      {
        "name": "property",
        "description": "The property name to get. Supports dot notation for subproperty access.",
        "type": "string"
      }
    ],
    "returns": [
      {
        "type": {
          "names": [
            "any"
          ]
        }
      }
    ]
  },
  {
    "memberof": "oj-c.LegendSection",
    "id": "oj-c.LegendSection#setProperties",
    "name": "setProperties",
    "kind": "function",
    "longname": "oj-c.LegendSection#setProperties",
    "description": "Performs a batch set of properties.",
    "meta": {
      "filename": "legend-section.tsx",
      "path": "web/components/oj-c/legend-section"
    },
    "scope": "instance",
    "params": [
      {
        "name": "properties",
        "description": "An object containing the property and value pairs to set.",
        "type": "object"
      }
    ],
    "returns": [
      {
        "type": {
          "names": [
            "void"
          ]
        }
      }
    ]
  }
]